N,alpha,dim,fit_prior,lib,max,max3,mean,median,method,min,min3,repeat
1,0.0,1,True,skl,0.00401267601409927,8.8709028204903e-05,0.00011553519900189713,7.49809987610206e-05,predict,7.438301690854132e-05,7.449398981407285e-05,100
1,0.0,1,True,skl,0.00831119401846081,0.00032237800769507885,0.0003128867509076372,0.00014674699923489243,predict_proba,0.00014496600488200784,0.00014543201541528106,100
1,0.0,1,True,ort,0.03691566799534485,0.002274583006510511,0.002432158511073794,0.0021047325135441497,predict,0.0010335039987694472,0.0016184940177481622,100
1,0.0,1,True,ort,0.002175549016101286,0.0021593529963865876,0.002103552668413613,0.002104926999891177,predict_proba,0.0018875070090871304,0.0020860689983237535,100
10,0.0,1,True,skl,0.0001647000026423484,9.436998516321182e-05,7.812093012034894e-05,7.52949999878183e-05,predict,7.448598626069725e-05,7.463697693310678e-05,100
10,0.0,1,True,skl,0.00019247300224378705,0.0001805280044209212,0.00015264085785020144,0.00014820748765487224,predict_proba,0.00014365199604071677,0.00014400901272892952,100
10,0.0,1,True,ort,0.002519885980291292,0.002187692007282749,0.0020555933311698026,0.002104461003909819,predict,0.0010520860087126493,0.0014460210222750902,100
10,0.0,1,True,ort,0.002341100014746189,0.002120964985806495,0.0021038116703857666,0.0021050325012765825,predict_proba,0.0018674239981919527,0.002084774023387581,100
1,0.0,1,False,skl,0.00016061399946920574,9.468899224884808e-05,7.731850055279211e-05,7.520201324950904e-05,predict,7.449599797837436e-05,7.475601159967482e-05,100
1,0.0,1,False,skl,0.00018979699234478176,0.00015723099932074547,0.00014807118859607726,0.0001467005058657378,predict_proba,0.00014555500820279121,0.00014588702470064163,100
1,0.0,1,False,ort,0.010557287983829156,0.007520659011788666,0.0023555019791820088,0.0021056349942227826,predict,0.0014494880160782486,0.002067869994789362,100
1,0.0,1,False,ort,0.002187667996622622,0.002117984986398369,0.0020493161311605943,0.002104235492879525,predict_proba,0.0003247199929319322,0.0013060120109003037,100
10,0.0,1,False,skl,0.00014725999790243804,9.598000906407833e-05,7.807172980392352e-05,7.547051063738763e-05,predict,7.431500125676394e-05,7.447600364685059e-05,100
10,0.0,1,False,skl,0.00023534498177468777,0.00019295699894428253,0.00015262434870237486,0.00014773498696740717,predict_proba,0.00014220198499970138,0.00014264500350691378,100
10,0.0,1,False,ort,0.0024541379825677723,0.0021934800024610013,0.002076758829934988,0.0021044934983365238,predict,0.00042585801566019654,0.0019812670070677996,100
10,0.0,1,False,ort,0.0030652960122097284,0.002936976990895346,0.002373967759485822,0.0021064180036773905,predict_proba,0.0008410460141021758,0.0016569760045967996,100
1,0.0,5,True,skl,0.0001463550142943859,9.495101403445005e-05,7.595143921207637e-05,7.306350744329393e-05,predict,7.248600013554096e-05,7.253300282172859e-05,100
1,0.0,5,True,skl,0.00018532699323259294,0.00017067999579012394,0.00014761968952370808,0.00014376301260199398,predict_proba,0.00013820099411532283,0.00013869800022803247,100
1,0.0,5,True,ort,0.0025061189953703433,0.002163158991606906,0.002042451099550817,0.0021043245069449767,predict,0.001174539007479325,0.0014816070033703,100
1,0.0,5,True,ort,0.002126115985447541,0.0021148750092834234,0.0021024207890150137,0.0021046485053375363,predict_proba,0.0018842410063371062,0.00209648598683998,100
10,0.0,5,True,skl,0.00014289998216554523,9.25250060390681e-05,7.741206063656136e-05,7.499200000893325e-05,predict,7.417099550366402e-05,7.45129946153611e-05,100
10,0.0,5,True,skl,0.00018745599663816392,0.00017534999642521143,0.00015167129022302105,0.00014838299830444157,predict_proba,0.0001466739922761917,0.0001469129929319024,100
10,0.0,5,True,ort,0.003104094008449465,0.0029876680055167526,0.002573183070635423,0.0028311729984125122,predict,0.0010505319805815816,0.002090699999826029,100
10,0.0,5,True,ort,0.0032477529894094914,0.002927057008491829,0.002271517449989915,0.002106051004375331,predict_proba,0.0011984219891019166,0.0017683750193100423,100
1,0.0,5,False,skl,0.00013712199870496988,9.640201460570097e-05,7.506363035645336e-05,7.18119990779087e-05,predict,7.12280161678791e-05,7.128299330361187e-05,100
1,0.0,5,False,skl,0.00017659997683949769,0.00016746099572628736,0.00014528905157931148,0.00014108300092630088,predict_proba,0.00013894401490688324,0.00013940001372247934,100
1,0.0,5,False,ort,0.0021218580077402294,0.0021094809926580638,0.0011167240602662787,0.0017715619906084612,predict,4.8891990445554256e-05,4.90289821755141e-05,100
1,0.0,5,False,ort,9.550698450766504e-05,7.091701263561845e-05,5.2652350277639925e-05,5.149900971446186e-05,predict_proba,5.0950999138876796e-05,5.1126000471413136e-05,100
10,0.0,5,False,skl,0.00014115701196715236,9.43100021686405e-05,7.802065927535295e-05,7.577850192319602e-05,predict,7.514999015256763e-05,7.535601616837084e-05,100
10,0.0,5,False,skl,0.00019873998826369643,0.00017311100964434445,0.00015268233022652566,0.0001500275102443993,predict_proba,0.00014435400953516364,0.00014472697512246668,100
10,0.0,5,False,ort,0.002101435005897656,0.001083299983292818,0.00010913139092735946,5.250200047157705e-05,predict,5.198302096687257e-05,5.212801625020802e-05,100
10,0.0,5,False,ort,0.001185378001537174,9.444000897929072e-05,7.859659934183582e-05,6.520449824165553e-05,predict_proba,6.461699376814067e-05,6.473399116657674e-05,100
1,0.0,10,True,skl,0.00013279699487611651,9.812900680117309e-05,7.50968378270045e-05,7.183899288065732e-05,predict,7.127699791453779e-05,7.145799463614821e-05,100
1,0.0,10,True,skl,0.0002312159922439605,0.00022593498579226434,0.0001469141521374695,0.0001407200179528445,predict_proba,0.0001396790030412376,0.0001397560117766261,100
1,0.0,10,True,ort,0.00014920198009349406,6.166502134874463e-05,5.084802076453343e-05,4.936500045005232e-05,predict,4.910200368613005e-05,4.911900032311678e-05,100
1,0.0,10,True,ort,6.390799535438418e-05,5.371702718548477e-05,5.1867352449335155e-05,5.161248554941267e-05,predict_proba,5.1323004299774766e-05,5.134299863129854e-05,100
10,0.0,10,True,skl,9.812298230826855e-05,9.651898290030658e-05,7.485900830943137e-05,7.34115019440651e-05,predict,7.27660080883652e-05,7.292200461961329e-05,100
10,0.0,10,True,skl,0.00023669900838285685,0.0001731349912006408,0.00015013148979051039,0.0001458280166843906,predict_proba,0.00014423701213672757,0.00014476702199317515,100
10,0.0,10,True,ort,0.0001370779937133193,8.63450113683939e-05,5.458167754113674e-05,5.222050822339952e-05,predict,5.176200647838414e-05,5.1879993407055736e-05,100
10,0.0,10,True,ort,0.00015040399739518762,8.632600656710565e-05,6.68960832990706e-05,6.514649430755526e-05,predict_proba,6.458300049416721e-05,6.47260167170316e-05,100
1,0.0,10,False,skl,0.0001329069782514125,8.431600872427225e-05,7.301058998564258e-05,7.164700946304947e-05,predict,7.107399869710207e-05,7.131500751711428e-05,100
1,0.0,10,False,skl,0.00023341999622061849,0.00019063599756918848,0.00014785014995140954,0.00014278749586082995,predict_proba,0.0001397780142724514,0.00014021102106198668,100
1,0.0,10,False,ort,0.00015344697749242187,0.00011112799984402955,5.249070905847475e-05,4.946999251842499e-05,predict,4.90829988848418e-05,4.918299964629114e-05,100
1,0.0,10,False,ort,0.00013538202620111406,6.44999963697046e-05,5.289371154503897e-05,5.155151302460581e-05,predict_proba,5.120199057273567e-05,5.1337003242224455e-05,100
10,0.0,10,False,skl,0.00016246299492195249,0.00010735300020314753,7.817224104655907e-05,7.55660148570314e-05,predict,7.31710169930011e-05,7.343202014453709e-05,100
10,0.0,10,False,skl,0.0002371279988437891,0.00023069599410519004,0.00015210415120236575,0.00014637500862590969,predict_proba,0.0001450760173611343,0.00014519999967887998,100
10,0.0,10,False,ort,0.00011430701124481857,6.0479011153802276e-05,5.330970045179129e-05,5.240450263954699e-05,predict,5.2040995797142386e-05,5.209498340263963e-05,100
10,0.0,10,False,ort,7.662901771254838e-05,7.128401193767786e-05,6.550454068928957e-05,6.518799636978656e-05,predict_proba,6.475401460193098e-05,6.482598837465048e-05,100
1,0.0,20,True,skl,0.00015211899881251156,9.71890112850815e-05,7.404210016829893e-05,7.156749779824167e-05,predict,7.095298497006297e-05,7.115001790225506e-05,100
1,0.0,20,True,skl,0.00022740798885934055,0.00018144099158234894,0.00014440234808716924,0.00014089948672335595,predict_proba,0.00013946599210612476,0.00013980999938212335,100
1,0.0,20,True,ort,0.00015422201249748468,6.895800470374525e-05,5.182183173019439e-05,4.9488007789477706e-05,predict,4.918201011605561e-05,4.924999666400254e-05,100
1,0.0,20,True,ort,0.00012709599104709923,6.40230136923492e-05,5.2701449603773654e-05,5.1508002798072994e-05,predict_proba,5.115001113153994e-05,5.127699114382267e-05,100
10,0.0,20,True,skl,0.0001457170001231134,9.64490172918886e-05,7.561810925835744e-05,7.372851541731507e-05,predict,7.314299000427127e-05,7.32649932615459e-05,100
10,0.0,20,True,skl,0.00022057699970901012,0.00018167300731875002,0.00014954876009142025,0.00014600947906728834,predict_proba,0.00014475101488642395,0.0001450569834560156,100
10,0.0,20,True,ort,0.00014302297495305538,0.00011469100718386471,5.5285660491790625e-05,5.2259492804296315e-05,predict,5.1820999942719936e-05,5.191299715079367e-05,100
10,0.0,20,True,ort,0.00013826298527419567,7.648300379514694e-05,6.637271842919291e-05,6.518200098071247e-05,predict_proba,6.475398549810052e-05,6.487499922513962e-05,100
1,0.0,20,False,skl,0.00013511200086213648,8.995499229058623e-05,7.37226422643289e-05,7.186050061136484e-05,predict,7.133602048270404e-05,7.138799992389977e-05,100
1,0.0,20,False,skl,0.00023455001064576209,0.000175059016328305,0.00014704876113682985,0.00014163300511427224,predict_proba,0.00013986800331622362,0.0001401269983034581,100
1,0.0,20,False,ort,0.0001493050076533109,7.560101221315563e-05,5.1939311961177734e-05,4.945349064655602e-05,predict,4.9021997256204486e-05,4.9219001084566116e-05,100
1,0.0,20,False,ort,0.00012430798960849643,6.391701754182577e-05,5.2815622475463896e-05,5.158751446288079e-05,predict_proba,5.1260023610666394e-05,5.13319973833859e-05,100
10,0.0,20,False,skl,0.00016116799088194966,9.905899059958756e-05,7.632947090314701e-05,7.389001257251948e-05,predict,7.33050110284239e-05,7.34310015104711e-05,100
10,0.0,20,False,skl,0.00022211801842786372,0.0002196549903601408,0.0001497647416545078,0.00014515149814542383,predict_proba,0.00014379399362951517,0.00014413200551643968,100
10,0.0,20,False,ort,0.00011416801135055721,6.006000330671668e-05,5.353742133593187e-05,5.241851613391191e-05,predict,5.205301567912102e-05,5.209899973124266e-05,100
10,0.0,20,False,ort,7.618000381626189e-05,6.96769857313484e-05,6.568499899003654e-05,6.542250048369169e-05,predict_proba,6.503600161522627e-05,6.507898797281086e-05,100
1,0.0,50,True,skl,0.00014226199709810317,0.00011056699440814555,7.541796192526817e-05,7.204250141512603e-05,predict,7.152202306315303e-05,7.160200038924813e-05,100
1,0.0,50,True,skl,0.00021594300051219761,0.00018339100643061101,0.0001470668491674587,0.00014127198664937168,predict_proba,0.00013991098967380822,0.00014001401723362505,100
1,0.0,50,True,ort,0.00014793299487791955,5.756699829362333e-05,5.096006003441289e-05,4.966299457009882e-05,predict,4.933899617753923e-05,4.9435009714215994e-05,100
1,0.0,50,True,ort,7.504699169658124e-05,5.731199053116143e-05,5.223527085036039e-05,5.1806491683237255e-05,predict_proba,5.134398816153407e-05,5.152702215127647e-05,100
10,0.0,50,True,skl,0.00015476898988708854,0.000101071986136958,7.809055008692667e-05,7.468000694643706e-05,predict,7.408799137920141e-05,7.415399886667728e-05,100
10,0.0,50,True,skl,0.0002474189968779683,0.00019248799071647227,0.00015209806035272776,0.00014677649596706033,predict_proba,0.00014476102660410106,0.0001450429845135659,100
10,0.0,50,True,ort,0.00014008398284204304,7.691897917538881e-05,5.6622960255481305e-05,5.4702497436665e-05,predict,5.436400533653796e-05,5.44130161870271e-05,100
10,0.0,50,True,ort,0.00014609500067308545,8.819898357614875e-05,6.92609479301609e-05,6.769598985556513e-05,predict_proba,6.725799175910652e-05,6.732999463565648e-05,100
1,0.0,50,False,skl,0.00012453400995582342,8.998697740025818e-05,7.35438583069481e-05,7.195350190158933e-05,predict,7.130799349397421e-05,7.148398435674608e-05,100
1,0.0,50,False,skl,0.00021786597790196538,0.00019188900478184223,0.00014463268889812752,0.00014039951201993972,predict_proba,0.00013922699145041406,0.000139411014970392,100
1,0.0,50,False,ort,0.00014597701374441385,5.840999074280262e-05,5.185371759580448e-05,4.98289882671088e-05,predict,4.93970001116395e-05,4.950701259076595e-05,100
1,0.0,50,False,ort,0.00012775900540873408,6.377999670803547e-05,5.32064595608972e-05,5.192398384679109e-05,predict_proba,5.1498995162546635e-05,5.1637005526572466e-05,100
10,0.0,50,False,skl,0.000147591985296458,9.536699508316815e-05,7.651980995433405e-05,7.442101195920259e-05,predict,7.374898996204138e-05,7.391901453956962e-05,100
10,0.0,50,False,skl,0.00023285302449949086,0.00022434297716245055,0.00015047380933538079,0.00014627499331254512,predict_proba,0.00014516201918013394,0.0001453949953429401,100
10,0.0,50,False,ort,0.00013285901513881981,7.717698463238776e-05,5.655114131513983e-05,5.463600973598659e-05,predict,5.432599573396146e-05,5.436502397060394e-05,100
10,0.0,50,False,ort,0.0026015350013040006,0.00211067998316139,0.00030797729035839436,6.737250078003854e-05,predict_proba,6.678502541035414e-05,6.701701204292476e-05,100
1,0.0,100,True,skl,0.000150806998135522,9.364000288769603e-05,7.704779913183302e-05,7.397899753414094e-05,predict,7.333597750402987e-05,7.34739878680557e-05,100
1,0.0,100,True,skl,0.00021674399613402784,0.0001793069823179394,0.0001495377198443748,0.00014479299716185778,predict_proba,0.00014328400720842183,0.00014334102161228657,100
1,0.0,100,True,ort,0.004713475005701184,0.0037525329971686006,0.0007608408300438896,4.977699427399784e-05,predict,4.9151014536619186e-05,4.9196998588740826e-05,100
1,0.0,100,True,ort,0.004412805021274835,0.0020937790104653686,0.00015570164803648367,5.1577488193288445e-05,predict_proba,5.1149982027709484e-05,5.122798029333353e-05,100
10,0.0,100,True,skl,0.00016531598521396518,0.00010755800758488476,8.108022040687502e-05,7.762899622321129e-05,predict,7.709299097768962e-05,7.717899279668927e-05,100
10,0.0,100,True,skl,0.00027318199863657355,0.0001954509934876114,0.00015289754868717863,0.0001468599948566407,predict_proba,0.0001451880089007318,0.0001454029988963157,100
10,0.0,100,True,ort,0.00011907200678251684,6.324300193227828e-05,5.567770975176245e-05,5.451600009109825e-05,predict,5.404898547567427e-05,5.4140022257342935e-05,100
10,0.0,100,True,ort,0.00014505398576147854,7.730600191280246e-05,6.865971983643248e-05,6.73609902150929e-05,predict_proba,6.694899639114738e-05,6.698700599372387e-05,100
1,0.0,100,False,skl,0.00013574300101026893,9.348400635644794e-05,7.567665976239368e-05,7.365350029431283e-05,predict,7.114000618457794e-05,7.12200126145035e-05,100
1,0.0,100,False,skl,0.00019642501138150692,0.00016721501015126705,0.00014628685981733726,0.00014427449787035584,predict_proba,0.00013883900828659534,0.00013911499991081655,100
1,0.0,100,False,ort,0.0029928209842182696,0.002227050979854539,0.0005606177300796844,4.9603506340645254e-05,predict,4.927199915982783e-05,4.9331021727994084e-05,100
1,0.0,100,False,ort,0.00010333801037631929,5.621201125904918e-05,5.228004069067538e-05,5.154599784873426e-05,predict_proba,5.124599556438625e-05,5.1305018132552505e-05,100
10,0.0,100,False,skl,0.00010491602006368339,9.047199273481965e-05,7.855279196519404e-05,7.752000237815082e-05,predict,7.689199992455542e-05,7.710998761467636e-05,100
10,0.0,100,False,skl,0.00022595998598262668,0.00016863600467331707,0.0001491997597622685,0.00014639250002801418,predict_proba,0.0001452089927624911,0.0001454490120522678,100
10,0.0,100,False,ort,0.00011727598030120134,6.362202111631632e-05,5.545430089114234e-05,5.430250894278288e-05,predict,5.389700527302921e-05,5.397602217271924e-05,100
10,0.0,100,False,ort,0.0001206969900522381,7.62839918024838e-05,6.828277808381245e-05,6.740399112459272e-05,predict_proba,6.690100417472422e-05,6.706101703457534e-05,100
1,0.0,150,True,skl,0.0001577660150360316,8.38839914649725e-05,7.744957896647975e-05,7.61025003157556e-05,predict,7.553698378615081e-05,7.558698416687548e-05,100
1,0.0,150,True,skl,0.00018952001119032502,0.00015819797408767045,0.0001494887113221921,0.0001481060025980696,predict_proba,0.00014692399417981505,0.0001473809825256467,100
1,0.0,150,True,ort,0.00014563198783434927,8.079200051724911e-05,5.1872237818315626e-05,4.939449718222022e-05,predict,4.900700878351927e-05,4.904798697680235e-05,100
1,0.0,150,True,ort,6.454598042182624e-05,5.425102426670492e-05,5.189841089304537e-05,5.167299241293222e-05,predict_proba,5.127699114382267e-05,5.142399459145963e-05,100
10,0.0,150,True,skl,0.00010808301158249378,9.147200034931302e-05,8.132022951031104e-05,8.05575109552592e-05,predict,8.005197742022574e-05,8.01239802967757e-05,100
10,0.0,150,True,skl,0.000175620021764189,0.0001656259992159903,0.00015702992939623073,0.00015605198859702796,predict_proba,0.00015450100181624293,0.0001549560111016035,100
10,0.0,150,True,ort,9.728400618769228e-05,6.48059940431267e-05,5.580452037975192e-05,5.496249650605023e-05,predict,5.438600783236325e-05,5.463699926622212e-05,100
10,0.0,150,True,ort,7.675998494960368e-05,7.095598266460001e-05,6.824571173638105e-05,6.800399569328874e-05,predict_proba,6.756000220775604e-05,6.76940253470093e-05,100
1,0.0,150,False,skl,0.00016704999143257737,8.646899368613958e-05,7.771904056426137e-05,7.610299508087337e-05,predict,7.549498695880175e-05,7.578299846500158e-05,100
1,0.0,150,False,skl,0.0001902189978864044,0.00015781601541675627,0.00014964331116061656,0.0001484294916735962,predict_proba,0.00014713298878632486,0.00014733901480212808,100
1,0.0,150,False,ort,0.00013481802307069302,5.835900083184242e-05,5.066652200184762e-05,4.937399353366345e-05,predict,4.906899994239211e-05,4.910901770927012e-05,100
1,0.0,150,False,ort,6.408599438145757e-05,5.417500506155193e-05,5.185624933801591e-05,5.160149885341525e-05,predict_proba,5.1323004299774766e-05,5.134701495990157e-05,100
10,0.0,150,False,skl,0.00010837501031346619,9.133701678365469e-05,8.143088925862684e-05,8.062900451477617e-05,predict,8.010197780095041e-05,8.020299719646573e-05,100
10,0.0,150,False,skl,0.00017417801427654922,0.00016568799037486315,0.00015693830064265058,0.00015606549277435988,predict_proba,0.00015470298239961267,0.00015492000966332853,100
10,0.0,150,False,ort,9.242500527761877e-05,6.110500544309616e-05,5.588863219600171e-05,5.5213007726706564e-05,predict,5.49200049135834e-05,5.497399251908064e-05,100
10,0.0,150,False,ort,0.00012925401097163558,7.291400106623769e-05,6.875356048112735e-05,6.791450141463429e-05,predict_proba,6.730001769028604e-05,6.751000182703137e-05,100
1,0.5,1,True,skl,0.00012110400712117553,9.237200720235705e-05,7.609965046867728e-05,7.487699622288346e-05,predict,7.420001202262938e-05,7.43619748391211e-05,100
1,0.5,1,True,skl,0.0001813929993659258,0.00015792000340297818,0.00014766439009690656,0.00014636748528573662,predict_proba,0.0001452759897802025,0.0001457630132790655,100
1,0.5,1,True,ort,0.00012114999117329717,5.413100006990135e-05,4.9700178788043556e-05,4.8645990318618715e-05,predict,4.831500700674951e-05,4.8384012188762426e-05,100
1,0.5,1,True,ort,0.004992342990590259,6.318397936411202e-05,0.0001070088887354359,5.1148002967238426e-05,predict_proba,5.045899888500571e-05,5.0767994252964854e-05,100
10,0.5,1,True,skl,0.00010654699872247875,9.055199916474521e-05,7.916343951364979e-05,7.744399772491306e-05,predict,7.677200483158231e-05,7.696799002587795e-05,100
10,0.5,1,True,skl,0.00017078599194064736,0.00016766501357778907,0.00015554924175376073,0.00015306600835174322,predict_proba,0.00015134300338104367,0.00015183901996351779,100
10,0.5,1,True,ort,8.123001316562295e-05,6.24579843133688e-05,5.2455890108831224e-05,5.1410504966042936e-05,predict,5.093601066619158e-05,5.1108974730595946e-05,100
10,0.5,1,True,ort,7.708600605838001e-05,7.609499152749777e-05,6.535435124533251e-05,6.409749039448798e-05,predict_proba,6.372400093823671e-05,6.380901322700083e-05,100
1,0.5,1,False,skl,0.00012485601473599672,8.538097608834505e-05,7.620024145580828e-05,7.503699453081936e-05,predict,7.434000144712627e-05,7.45290017221123e-05,100
1,0.5,1,False,skl,0.003658300993265584,0.0001764790213201195,0.0001852240090374835,0.00014814049063716084,predict_proba,0.00014540101983584464,0.00014632398961111903,100
1,0.5,1,False,ort,0.000133507011923939,5.497399251908064e-05,5.005305109079927e-05,4.892000288236886e-05,predict,4.8457004595547915e-05,4.860199987888336e-05,100
1,0.5,1,False,ort,6.496801506727934e-05,5.380299990065396e-05,5.126350122736767e-05,5.088851321488619e-05,predict_proba,5.0511996960267425e-05,5.068001337349415e-05,100
10,0.5,1,False,skl,0.00010278599802404642,8.494599023833871e-05,7.780055049806833e-05,7.703850860707462e-05,predict,7.64339929446578e-05,7.65710137784481e-05,100
10,0.5,1,False,skl,0.0001696780091151595,0.00016253397916443646,0.00015350867790402844,0.00015259248903021216,predict_proba,0.00015134699060581625,0.0001514089817646891,100
10,0.5,1,False,ort,8.198400610126555e-05,5.784700624644756e-05,5.176067032152787e-05,5.114100349601358e-05,predict,5.0834001740440726e-05,5.0883012590929866e-05,100
10,0.5,1,False,ort,9.683798998594284e-05,7.529702270403504e-05,6.52334000915289e-05,6.41350052319467e-05,predict_proba,6.371800554916263e-05,6.386201130226254e-05,100
1,0.5,5,True,skl,0.0001247180043719709,0.0001011149724945426,7.773501827614382e-05,7.518798520322889e-05,predict,7.094501052051783e-05,7.118200301192701e-05,100
1,0.5,5,True,skl,0.0001850560074672103,0.0001680999994277954,0.00014690448879264295,0.00014311500126495957,predict_proba,0.0001380880130454898,0.00013816400314681232,100
1,0.5,5,True,ort,0.00014486300642602146,5.496997619047761e-05,5.0366839859634636e-05,4.917349724564701e-05,predict,4.8829999286681414e-05,4.888098919764161e-05,100
1,0.5,5,True,ort,6.401899736374617e-05,5.6953984312713146e-05,5.128937948029488e-05,5.098100518807769e-05,predict_proba,5.0569011364132166e-05,5.071100895293057e-05,100
10,0.5,5,True,skl,0.00011154598905704916,0.00010883697541430593,7.503036933485418e-05,7.296149851754308e-05,predict,7.25270074326545e-05,7.256699609570205e-05,100
10,0.5,5,True,skl,0.00018791999900713563,0.00017892700270749629,0.00014695136109367014,0.00014411799202207476,predict_proba,0.00014270099927671254,0.00014307600213214755,100
10,0.5,5,True,ort,0.00011229500523768365,5.741900531575084e-05,5.2549831743817776e-05,5.162750312592834e-05,predict,5.127099575474858e-05,5.13319973833859e-05,100
10,0.5,5,True,ort,7.609699969179928e-05,7.086299592629075e-05,6.491218053270131e-05,6.458400457631797e-05,predict_proba,6.417100667022169e-05,6.43119856249541e-05,100
1,0.5,5,False,skl,0.00012897400301881135,0.00010966099216602743,7.828927104128525e-05,7.54750071791932e-05,predict,7.110700244084e-05,7.149300654418766e-05,100
1,0.5,5,False,skl,0.0002124450111296028,0.0001702879962977022,0.00014548504987033084,0.00013969550491310656,predict_proba,0.00013812200631946325,0.00013856301666237414,100
1,0.5,5,False,ort,0.0001529440050944686,5.508502363227308e-05,5.0316930864937606e-05,4.893398727290332e-05,predict,4.862100468017161e-05,4.865799564868212e-05,100
1,0.5,5,False,ort,6.412001675926149e-05,5.388699355535209e-05,5.122658127220347e-05,5.1005015848204494e-05,predict_proba,5.064700962975621e-05,5.072599742561579e-05,100
10,0.5,5,False,skl,9.591301204636693e-05,8.992099901661277e-05,7.587470056023448e-05,7.499400817323476e-05,predict,7.248000474646688e-05,7.264799205586314e-05,100
10,0.5,5,False,skl,0.00018279498908668756,0.00018148700473830104,0.00015116618160391227,0.00014761800412088633,predict_proba,0.0001432590070180595,0.00014357900363393128,100
10,0.5,5,False,ort,0.00010094098979607224,5.97689941059798e-05,5.256558069959283e-05,5.1722992793656886e-05,predict,5.140600842423737e-05,5.143499583937228e-05,100
10,0.5,5,False,ort,7.467999239452183e-05,6.749699241481721e-05,6.480415147962048e-05,6.456850678659976e-05,predict_proba,6.41939986962825e-05,6.426798063330352e-05,100
1,0.5,10,True,skl,0.00013121298979967833,0.00010519899660721421,7.454294856870547e-05,7.126749551389366e-05,predict,7.045798702165484e-05,7.068199920468032e-05,100
1,0.5,10,True,skl,0.000185895012691617,0.00017468200530856848,0.00014310725877294316,0.0001395819999743253,predict_proba,0.0001380500034429133,0.00013833100092597306,100
1,0.5,10,True,ort,0.00014692399417981505,5.49200049135834e-05,5.013848975067958e-05,4.886899841949344e-05,predict,4.850098048336804e-05,4.858500324189663e-05,100
1,0.5,10,True,ort,9.847301407717168e-05,6.346899317577481e-05,5.18404008471407e-05,5.0915987230837345e-05,predict_proba,5.050800973549485e-05,5.066199810244143e-05,100
10,0.5,10,True,skl,9.607401443645358e-05,8.764499216340482e-05,7.400843081995844e-05,7.301400182768703e-05,predict,7.246297900564969e-05,7.263600127771497e-05,100
10,0.5,10,True,skl,0.00019040299230255187,0.0001695360115263611,0.000146299849729985,0.00014402899250853807,predict_proba,0.00014287899830378592,0.00014304000069387257,100
10,0.5,10,True,ort,0.00011276098666712642,5.7792000006884336e-05,5.279416800476611e-05,5.189699004404247e-05,predict,5.157399573363364e-05,5.16620057169348e-05,100
10,0.5,10,True,ort,7.549900328740478e-05,6.884799222461879e-05,6.47851501707919e-05,6.456249684561044e-05,predict_proba,6.405101157724857e-05,6.415499956347048e-05,100
1,0.5,10,False,skl,0.0001576509966980666,8.182600140571594e-05,7.289000175660476e-05,7.112801540642977e-05,predict,7.067900151014328e-05,7.075301255099475e-05,100
1,0.5,10,False,skl,0.00017358400509692729,0.0001570490130688995,0.00014048418990569189,0.0001390644902130589,predict_proba,0.00013796999701298773,0.00013814200065098703,100
1,0.5,10,False,ort,0.00014821099466644228,5.453699850477278e-05,5.0461240170989186e-05,4.919849743600935e-05,predict,4.88199875690043e-05,4.8968009650707245e-05,100
1,0.5,10,False,ort,6.36280165053904e-05,5.38649910595268e-05,5.133083934197202e-05,5.109451012685895e-05,predict_proba,5.075501394458115e-05,5.08539960719645e-05,100
10,0.5,10,False,skl,0.00010441799531690776,9.456300176680088e-05,7.51337013207376e-05,7.31684995116666e-05,predict,7.229699986055493e-05,7.252400973811746e-05,100
10,0.5,10,False,skl,0.00021647597895935178,0.00017325699445791543,0.00015015387791208923,0.00014753048890270293,predict_proba,0.00014315801672637463,0.00014339201152324677,100
10,0.5,10,False,ort,0.005528561014216393,0.0029402190120890737,0.0021840927499579264,0.00210609650821425,predict,0.0005661259929183871,0.0010503150115255266,100
10,0.5,10,False,ort,0.0029989769973326474,0.0026937009824905545,0.0009530849696602672,6.514700362458825e-05,predict_proba,6.419501733034849e-05,6.436501280404627e-05,100
1,0.5,20,True,skl,0.00013436700101010501,9.621700155548751e-05,7.272638904396445e-05,7.096350600477308e-05,predict,7.038601324893534e-05,7.049000123515725e-05,100
1,0.5,20,True,skl,0.00019069798872806132,0.0001812069967854768,0.00014262228942243382,0.00013904701336286962,predict_proba,0.00013798600411973894,0.00013820102321915329,100
1,0.5,20,True,ort,0.00015065999468788505,5.501098348759115e-05,5.036157934227958e-05,4.907300171907991e-05,predict,4.8762012738734484e-05,4.883299698121846e-05,100
1,0.5,20,True,ort,0.00017126300372183323,8.96449782885611e-05,5.354663007892668e-05,5.111550854053348e-05,predict_proba,5.073001375421882e-05,5.087201134301722e-05,100
10,0.5,20,True,skl,0.00010641399421729147,8.97739955689758e-05,7.705971074756235e-05,7.510901195928454e-05,predict,7.264598389156163e-05,7.273399387486279e-05,100
10,0.5,20,True,skl,0.0001870580017566681,0.00017893800395540893,0.00014900565962307156,0.00014712949632667005,predict_proba,0.0001434969890397042,0.00014386000111699104,100
10,0.5,20,True,ort,0.0001222669961862266,6.656101322732866e-05,5.338551971362904e-05,5.192299431655556e-05,predict,5.151997902430594e-05,5.161299486644566e-05,100
10,0.5,20,True,ort,0.002896482008509338,0.0021090639929752797,0.000538249870587606,6.496100104413927e-05,predict_proba,6.438299897126853e-05,6.449699867516756e-05,100
1,0.5,20,False,skl,0.00013562798267230392,8.857800276018679e-05,7.324376987526193e-05,7.10580061422661e-05,predict,7.039500633254647e-05,7.058901246637106e-05,100
1,0.5,20,False,skl,0.00019236901425756514,0.00016309501370415092,0.00014383813977474346,0.0001394234859617427,predict_proba,0.00013832698459737003,0.00013856601435691118,100
1,0.5,20,False,ort,0.00015005699242465198,5.7958997786045074e-05,5.0619849062059075e-05,4.927199915982783e-05,predict,4.8931018682196736e-05,4.902001819573343e-05,100
1,0.5,20,False,ort,0.0001000290212687105,5.73779980186373e-05,5.218916048761457e-05,5.149100616108626e-05,predict_proba,5.117201362736523e-05,5.12349943164736e-05,100
10,0.5,20,False,skl,9.587500244379044e-05,9.046299965120852e-05,7.508570095524192e-05,7.297898991964757e-05,predict,7.242700667120516e-05,7.254199590533972e-05,100
10,0.5,20,False,skl,0.0001855440204963088,0.00018046799232251942,0.00014795641152886673,0.00014479948731604964,predict_proba,0.00014244101475924253,0.00014297300367616117,100
10,0.5,20,False,ort,0.00011366102262400091,5.805600085295737e-05,5.28108500293456e-05,5.198999133426696e-05,predict,5.159698775969446e-05,5.168499774299562e-05,100
10,0.5,20,False,ort,7.527301204390824e-05,7.07099970895797e-05,6.54350410331972e-05,6.509950617328286e-05,predict_proba,6.468599895015359e-05,6.482400931417942e-05,100
1,0.5,50,True,skl,0.00015261798398569226,8.900099783204496e-05,7.438533037202433e-05,7.126749551389366e-05,predict,7.083499804139137e-05,7.086299592629075e-05,100
1,0.5,50,True,skl,0.00018050498329102993,0.00016733398661017418,0.00014452900970354676,0.00014162849402055144,predict_proba,0.00013846199726685882,0.0001386609801556915,100
1,0.5,50,True,ort,0.00014227998326532543,5.769397830590606e-05,5.136447958648205e-05,4.931450530420989e-05,predict,4.894300946034491e-05,4.9035996198654175e-05,100
1,0.5,50,True,ort,6.338200182653964e-05,5.7397992350161076e-05,5.1635617564897986e-05,5.1301001803949475e-05,predict_proba,5.088199395686388e-05,5.0967006245628e-05,100
10,0.5,50,True,skl,0.00011372499284334481,9.124600910581648e-05,7.564844127045944e-05,7.356598507612944e-05,predict,7.311502122320235e-05,7.320698932744563e-05,100
10,0.5,50,True,skl,0.00016602600226178765,0.0001618770183995366,0.00014696164085762576,0.00014446450222749263,predict_proba,0.00014323199866339564,0.00014342801296152174,100
10,0.5,50,True,ort,0.00011418099165894091,5.984900053590536e-05,5.483753193402663e-05,5.377551133278757e-05,predict,5.34120190422982e-05,5.347898695617914e-05,100
10,0.5,50,True,ort,0.00012400798732414842,7.244100561365485e-05,6.765192869352176e-05,6.690000009257346e-05,predict_proba,6.645699613727629e-05,6.652402225881815e-05,100
1,0.5,50,False,skl,0.0001605440047569573,9.978900197893381e-05,7.469291827874258e-05,7.146250572986901e-05,predict,7.095097680576146e-05,7.102498784661293e-05,100
1,0.5,50,False,skl,0.00020140298875048757,0.00017458997899666429,0.00014551366941304878,0.00014253049448598176,predict_proba,0.00013883798965252936,0.00013889902038499713,100
1,0.5,50,False,ort,0.00015058601275086403,5.5868993513286114e-05,5.0715460965875535e-05,4.931750299874693e-05,predict,4.8918998800218105e-05,4.902598448097706e-05,100
1,0.5,50,False,ort,6.416300311684608e-05,5.713501013815403e-05,5.165804090211168e-05,5.12730039190501e-05,predict_proba,5.079299444332719e-05,5.09160163346678e-05,100
10,0.5,50,False,skl,0.00010935199679806828,9.54149872995913e-05,7.715180050581694e-05,7.407000521197915e-05,predict,7.342197932302952e-05,7.358100265264511e-05,100
10,0.5,50,False,skl,0.0001699900021776557,0.00016574698383919895,0.00014826770959189162,0.00014526498853228986,predict_proba,0.00014344000373966992,0.0001437250175513327,100
10,0.5,50,False,ort,0.00011497599189169705,6.30639842711389e-05,5.5242948583327234e-05,5.420450179371983e-05,predict,5.363300442695618e-05,5.383300594985485e-05,100
10,0.5,50,False,ort,0.015247572999214754,0.0096431800047867,0.002257385619741399,0.0021062855084892362,predict_proba,6.702801329083741e-05,6.724600098095834e-05,100
1,0.5,100,True,skl,0.0001406900119036436,0.00010500699863769114,7.762631168588995e-05,7.41800176911056e-05,predict,7.192700286395848e-05,7.215200457721949e-05,100
1,0.5,100,True,skl,0.00019790601800195873,0.00017768898396752775,0.0001500327399116941,0.0001453239965485409,predict_proba,0.00014043098781257868,0.00014104798901826143,100
1,0.5,100,True,ort,0.0041797260055318475,0.002158741990569979,0.0005579348999890499,5.02800103276968e-05,predict,4.977601929567754e-05,4.985899431630969e-05,100
1,0.5,100,True,ort,6.941499304957688e-05,5.745000089518726e-05,5.233211937593296e-05,5.1942013669759035e-05,predict_proba,5.1565992180258036e-05,5.1637005526572466e-05,100
10,0.5,100,True,skl,0.00012700201477855444,9.43500199355185e-05,7.954463188070805e-05,7.794650446157902e-05,predict,7.724002352915704e-05,7.749898941256106e-05,100
10,0.5,100,True,skl,0.00021557998843491077,0.00017674601986072958,0.00015352238988270984,0.00015294449985958636,predict_proba,0.00014723799540661275,0.00014752300921827555,100
10,0.5,100,True,ort,0.0003467049973551184,7.080400246195495e-05,5.9280049754306674e-05,5.5141004850156605e-05,predict,5.456901271827519e-05,5.475699435919523e-05,100
10,0.5,100,True,ort,0.00019398401491343975,8.89450020622462e-05,6.999892037129029e-05,6.775349902454764e-05,predict_proba,6.7297019995749e-05,6.740199751220644e-05,100
1,0.5,100,False,skl,0.00015595299191772938,9.898800635710359e-05,7.610742148244753e-05,7.371050014626235e-05,predict,7.128799916245043e-05,7.147600990720093e-05,100
1,0.5,100,False,skl,0.00021562998881563544,0.00018106101197190583,0.00014954661921365186,0.0001453909935662523,predict_proba,0.00013984699035063386,0.0001399050233885646,100
1,0.5,100,False,ort,0.00014670900418423116,6.770301843062043e-05,5.2145378722343596e-05,5.0358008593320847e-05,predict,4.9686990678310394e-05,4.9969006795436144e-05,100
1,0.5,100,False,ort,7.87210010457784e-05,5.9268000768497586e-05,5.2758021629415454e-05,5.211849929764867e-05,predict_proba,5.178499850444496e-05,5.18549932166934e-05,100
10,0.5,100,False,skl,0.00010927999392151833,9.40440222620964e-05,7.913646113593132e-05,7.60535040171817e-05,predict,7.52030173316598e-05,7.528701098635793e-05,100
10,0.5,100,False,skl,0.0002107210166286677,0.0001775299897417426,0.0001540973229566589,0.00015235101454891264,predict_proba,0.0001464629895053804,0.00014662300236523151,100
10,0.5,100,False,ort,0.0027611599944066256,0.0023574439983349293,0.00017847264127340167,5.546299507841468e-05,predict,5.497800884768367e-05,5.51080156583339e-05,100
10,0.5,100,False,ort,7.839899626560509e-05,7.277200347743928e-05,6.822279974585398e-05,6.79795048199594e-05,predict_proba,6.752001354470849e-05,6.764999125152826e-05,100
1,0.5,150,True,skl,0.0001471439900342375,8.934599463827908e-05,7.80697597656399e-05,7.656250090803951e-05,predict,7.600101525895298e-05,7.617101073265076e-05,100
1,0.5,150,True,skl,0.00018498999997973442,0.0001636649831198156,0.00015118165902094916,0.00014965649461373687,predict_proba,0.0001481910003349185,0.0001485750253777951,100
1,0.5,150,True,ort,0.00012252997839823365,5.627798964269459e-05,5.1002509426325556e-05,4.997449286747724e-05,predict,4.968201392330229e-05,4.9730995669960976e-05,100
1,0.5,150,True,ort,0.00046753999777138233,5.69349795114249e-05,5.631676001939922e-05,5.1884999265894294e-05,predict_proba,5.147000774741173e-05,5.1592011004686356e-05,100
10,0.5,150,True,skl,0.00011070500477217138,9.000301361083984e-05,8.194518013624475e-05,8.114748925436288e-05,predict,8.057901868596673e-05,8.070698822848499e-05,100
10,0.5,150,True,skl,0.000175653985934332,0.0001681809953879565,0.00015886436973232775,0.00015778747911099344,predict_proba,0.00015657601761631668,0.00015680197975598276,100
10,0.5,150,True,ort,8.779700146988034e-05,6.097598816268146e-05,5.628143233479932e-05,5.564599996432662e-05,predict,5.5208016419783235e-05,5.5306998547166586e-05,100
10,0.5,150,True,ort,7.765900227241218e-05,7.11039756424725e-05,6.851083948276937e-05,6.830300844740123e-05,predict_proba,6.771300104446709e-05,6.796198431402445e-05,100
1,0.5,150,False,skl,0.00014208399807102978,8.663098560646176e-05,7.757126877550036e-05,7.63094867579639e-05,predict,7.559300865978003e-05,7.584100239910185e-05,100
1,0.5,150,False,skl,0.00018859998090192676,0.00017003100947476923,0.00015116867987671867,0.00014934850332792848,predict_proba,0.00014752900460734963,0.00014790298882871866,100
1,0.5,150,False,ort,0.00014067700249142945,5.93290023971349e-05,5.220609891694039e-05,5.027752195019275e-05,predict,4.996301140636206e-05,4.999799421057105e-05,100
1,0.5,150,False,ort,0.00012260102084837854,8.386099943891168e-05,5.4471527400892226e-05,5.228199006523937e-05,predict_proba,5.1911978516727686e-05,5.200097803026438e-05,100
10,0.5,150,False,skl,0.00010877099703066051,9.293100447393954e-05,8.191792148863897e-05,8.113800140563399e-05,predict,8.058900129981339e-05,8.066301234066486e-05,100
10,0.5,150,False,skl,0.00017394599854014814,0.00016605001292191446,0.00015831889992114158,0.00015741700190119445,predict_proba,0.00015604597865603864,0.00015620802878402174,100
10,0.5,150,False,ort,8.791600703261793e-05,6.137599120847881e-05,5.6461761705577376e-05,5.585550388786942e-05,predict,5.544099258258939e-05,5.5526994401589036e-05,100
10,0.5,150,False,ort,7.917001494206488e-05,7.471899152733386e-05,6.89342786790803e-05,6.863901217002422e-05,predict_proba,6.825398304499686e-05,6.837098044343293e-05,100
1,1.0,1,True,skl,0.0001255410024896264,8.488597813993692e-05,7.674573949771001e-05,7.570799789391458e-05,predict,7.520199869759381e-05,7.525898399762809e-05,100
1,1.0,1,True,skl,0.00018484200700186193,0.000157122005475685,0.00014945105940569192,0.00014833100431133062,predict_proba,0.00014695097343064845,0.00014739800826646388,100
1,1.0,1,True,ort,0.00013299501733854413,5.43000060133636e-05,5.067755962954834e-05,4.9567490350455046e-05,predict,4.9174006562680006e-05,4.9349007895216346e-05,100
1,1.0,1,True,ort,6.433800444938242e-05,5.655601853504777e-05,5.191914999159053e-05,5.1617491408251226e-05,predict_proba,5.12109836563468e-05,5.1278999308124185e-05,100
10,1.0,1,True,skl,0.00010235898662358522,8.557701949030161e-05,7.830836111679673e-05,7.758699939586222e-05,predict,7.693300722166896e-05,7.703600567765534e-05,100
10,1.0,1,True,skl,0.00016937102191150188,0.0001634530199225992,0.00015422250842675567,0.00015325700223911554,predict_proba,0.00015216501196846366,0.00015226699179038405,100
10,1.0,1,True,ort,8.137899567373097e-05,5.786999827250838e-05,5.287034146022052e-05,5.229600355960429e-05,predict,5.1982991863042116e-05,5.207999492995441e-05,100
10,1.0,1,True,ort,7.789299706928432e-05,7.088598795235157e-05,6.545813084812835e-05,6.490750820375979e-05,predict_proba,6.456000846810639e-05,6.457400741055608e-05,100
1,1.0,1,False,skl,0.000138103001518175,8.556398097425699e-05,7.70040982752107e-05,7.572500908281654e-05,predict,7.517001358792186e-05,7.525199907831848e-05,100
1,1.0,1,False,skl,0.00018427398754283786,0.0001575759961269796,0.0001500548006151803,0.0001488685084041208,predict_proba,0.0001479199854657054,0.0001480590144637972,100
1,1.0,1,False,ort,0.00011905800784006715,5.89609844610095e-05,5.104886076878756e-05,4.96775028295815e-05,predict,4.925800021737814e-05,4.935500328429043e-05,100
1,1.0,1,False,ort,0.0013386729988269508,8.186398190446198e-05,6.555428932188079e-05,5.1688504754565656e-05,predict_proba,5.123199662193656e-05,5.139200948178768e-05,100
10,1.0,1,False,skl,0.00010253899381496012,8.637300925329328e-05,7.845589017961174e-05,7.77160021243617e-05,predict,7.717698463238776e-05,7.733399979770184e-05,100
10,1.0,1,False,skl,0.0001769239897839725,0.00016748701455071568,0.0001547557092271745,0.00015357451047748327,predict_proba,0.0001525919942650944,0.00015268498100340366,100
10,1.0,1,False,ort,8.208802319131792e-05,6.218499038368464e-05,5.26262994389981e-05,5.196548590902239e-05,predict,5.162699380889535e-05,5.1661976613104343e-05,100
10,1.0,1,False,ort,0.00010541599476709962,7.043799269013107e-05,6.562825059518218e-05,6.479350849986076e-05,predict_proba,6.428800406865776e-05,6.44950196146965e-05,100
1,1.0,5,True,skl,0.00014558099792338908,9.529100498184562e-05,7.41544202901423e-05,7.140649540815502e-05,predict,7.086800178512931e-05,7.100499351508915e-05,100
1,1.0,5,True,skl,0.0001735480036586523,0.00015935598639771342,0.0001430598908336833,0.00014001051022205502,predict_proba,0.00013858999591320753,0.00013895300799049437,100
1,1.0,5,True,ort,0.0001592339831404388,6.09119888395071e-05,5.138927139341831e-05,4.955699841957539e-05,predict,4.917700425721705e-05,4.930200520902872e-05,100
1,1.0,5,True,ort,6.425101310014725e-05,5.404898547567427e-05,5.2043919276911764e-05,5.181648884899914e-05,predict_proba,5.144299939274788e-05,5.1552982768043876e-05,100
10,1.0,5,True,skl,0.0001253749942407012,9.679899085313082e-05,7.646185957128183e-05,7.346700294874609e-05,predict,7.289802306331694e-05,7.298900163732469e-05,100
10,1.0,5,True,skl,0.00017418601782992482,0.00017150098574347794,0.00014925074065104128,0.00014543098222929984,predict_proba,0.00014391500735655427,0.0001443049986846745,100
10,1.0,5,True,ort,0.00011140599963255227,5.8550009271129966e-05,5.315043119480833e-05,5.2265007980167866e-05,predict,5.186098860576749e-05,5.1929993787780404e-05,100
10,1.0,5,True,ort,7.551899761892855e-05,6.969200330786407e-05,6.528180179884657e-05,6.499749724753201e-05,predict_proba,6.453099194914103e-05,6.463099271059036e-05,100
1,1.0,5,False,skl,0.00012927400530315936,9.308799053542316e-05,7.415663916617633e-05,7.162000110838562e-05,predict,7.10989988874644e-05,7.120100781321526e-05,100
1,1.0,5,False,skl,0.000185334007255733,0.00015947100473567843,0.00014411984011530876,0.00014065048890188336,predict_proba,0.0001391039986629039,0.00013958799536339939,100
1,1.0,5,False,ort,0.00014935701619833708,5.542099825106561e-05,5.121638998389244e-05,4.9939495511353016e-05,predict,4.9561000196263194e-05,4.968498251400888e-05,100
1,1.0,5,False,ort,6.412898073904216e-05,5.6348973885178566e-05,5.185247748158872e-05,5.1587994676083326e-05,predict_proba,5.1256996812298894e-05,5.135399987921119e-05,100
10,1.0,5,False,skl,0.00011239500599913299,0.00010390501120127738,7.724463153863326e-05,7.567500870209187e-05,predict,7.320000440813601e-05,7.324101170524955e-05,100
10,1.0,5,False,skl,0.0001878150214906782,0.00017164601013064384,0.00014961564127588645,0.0001455964957131073,predict_proba,0.00014437900972552598,0.00014456300414167345,100
10,1.0,5,False,ort,0.00011457997607067227,6.0107995523139834e-05,5.350760708097368e-05,5.244399653747678e-05,predict,5.195400444790721e-05,5.2112998673692346e-05,100
10,1.0,5,False,ort,7.621801341883838e-05,6.795299123041332e-05,6.542850082041695e-05,6.520301394630224e-05,predict_proba,6.467799539677799e-05,6.490098894573748e-05,100
1,1.0,10,True,skl,0.00013755899271927774,9.589598630554974e-05,7.41878992994316e-05,7.147398719098419e-05,predict,7.091800216585398e-05,7.102100062184036e-05,100
1,1.0,10,True,skl,0.0001920559734571725,0.00017748598475009203,0.0001448148422059603,0.00014078499225433916,predict_proba,0.00013948598643764853,0.000139595998916775,100
1,1.0,10,True,ort,0.00014663898036815226,5.555999814532697e-05,5.0788408843800424e-05,4.955798794981092e-05,predict,4.919199272990227e-05,4.923000233247876e-05,100
1,1.0,10,True,ort,6.345799192786217e-05,5.641300231218338e-05,5.167602008441463e-05,5.137000698596239e-05,predict_proba,5.1009992603212595e-05,5.108799086883664e-05,100
10,1.0,10,True,skl,9.615399176254869e-05,9.346698061563075e-05,7.601516903378069e-05,7.369551167357713e-05,predict,7.298699347302318e-05,7.320399163290858e-05,100
10,1.0,10,True,skl,0.00018190097762271762,0.00017477601068094373,0.00014990121067967266,0.00014692649710923433,predict_proba,0.0001439180050510913,0.0001444469962734729,100
10,1.0,10,True,ort,0.001595043984707445,5.723099457100034e-05,6.810629100073129e-05,5.247250373940915e-05,predict,5.216500721871853e-05,5.225499626249075e-05,100
10,1.0,10,True,ort,7.542400271631777e-05,7.005297811701894e-05,6.55241301865317e-05,6.529400707222521e-05,predict_proba,6.47229899186641e-05,6.493300315923989e-05,100
1,1.0,10,False,skl,0.0001395059807691723,9.11650131456554e-05,7.422999828122556e-05,7.154501508921385e-05,predict,7.111800368875265e-05,7.113101310096681e-05,100
1,1.0,10,False,skl,0.00017527901218272746,0.00016056600725278258,0.00014417778846109286,0.00014060549437999725,predict_proba,0.00013926898827776313,0.00013949198182672262,100
1,1.0,10,False,ort,0.00019222000264562666,0.00012590602273121476,5.4386499105021354e-05,4.982601967640221e-05,predict,4.94479900225997e-05,4.953698953613639e-05,100
1,1.0,10,False,ort,6.433698581531644e-05,5.408399738371372e-05,5.187472881516442e-05,5.1682000048458576e-05,predict_proba,5.1094015361741185e-05,5.131200305186212e-05,100
10,1.0,10,False,skl,9.691898594610393e-05,9.092700202018023e-05,7.558759883977473e-05,7.352849934250116e-05,predict,7.292101508937776e-05,7.301801815629005e-05,100
10,1.0,10,False,skl,0.0001802600163500756,0.00017114001093432307,0.0001503420204971917,0.0001469710114179179,predict_proba,0.00014466300490312278,0.0001449309929739684,100
10,1.0,10,False,ort,0.00011240699677728117,5.7819997891783714e-05,5.300084041664377e-05,5.216301360633224e-05,predict,5.1862007239833474e-05,5.187900387682021e-05,100
10,1.0,10,False,ort,7.561600068584085e-05,7.062900112941861e-05,6.54046007548459e-05,6.513448897749186e-05,predict_proba,6.479898001998663e-05,6.486100028268993e-05,100
1,1.0,20,True,skl,0.00014553801156580448,9.016200783662498e-05,7.405039999866858e-05,7.147451105993241e-05,predict,7.070100400596857e-05,7.102498784661293e-05,100
1,1.0,20,True,skl,0.00017522100824862719,0.0001629779872018844,0.00014379223983269185,0.00014071400801185519,predict_proba,0.0001387439842801541,0.00013945801765657961,100
1,1.0,20,True,ort,0.00014870800077915192,5.861697718501091e-05,5.088272941065952e-05,4.9574009608477354e-05,predict,4.9232010496780276e-05,4.9277005018666387e-05,100
1,1.0,20,True,ort,6.402598228305578e-05,5.79309999011457e-05,5.210028117289767e-05,5.18054876010865e-05,predict_proba,5.139602581039071e-05,5.149599746800959e-05,100
10,1.0,20,True,skl,9.816201054491103e-05,9.133198182098567e-05,7.559642108390108e-05,7.370048842858523e-05,predict,7.311598164960742e-05,7.322098826989532e-05,100
10,1.0,20,True,skl,0.00019190198509022593,0.00017842199304141104,0.00015064835868543015,0.00014601599832531065,predict_proba,0.00014445200213231146,0.0001445900124963373,100
10,1.0,20,True,ort,0.00011374999303370714,6.050500087440014e-05,5.333107896149158e-05,5.23825001437217e-05,predict,5.1951996283605695e-05,5.2046991186216474e-05,100
10,1.0,20,True,ort,9.901399607770145e-05,6.815098458901048e-05,6.59795614774339e-05,6.547800148837268e-05,predict_proba,6.514001870527864e-05,6.518498412333429e-05,100
1,1.0,20,False,skl,0.00013830699026584625,9.494897676631808e-05,7.484519097488374e-05,7.193200872279704e-05,predict,7.140700472518802e-05,7.14559864718467e-05,100
1,1.0,20,False,skl,0.00017737498274073005,0.0001590060128364712,0.0001445473395870067,0.00014091050252318382,predict_proba,0.00013962600496597588,0.0001397239975631237,100
1,1.0,20,False,ort,0.00014869900769554079,5.935199442319572e-05,5.111399019369856e-05,4.970250301994383e-05,predict,4.933500895276666e-05,4.938698839396238e-05,100
1,1.0,20,False,ort,6.47979904897511e-05,5.451502511277795e-05,5.2085530769545584e-05,5.1863506087101996e-05,predict_proba,5.142597365193069e-05,5.154599784873426e-05,100
10,1.0,20,False,skl,0.00010199099779129028,9.120098548009992e-05,7.564265950350092e-05,7.360400923062116e-05,predict,7.311798981390893e-05,7.317299605347216e-05,100
10,1.0,20,False,skl,0.0001673740043770522,0.00016361998859792948,0.00014891191996866838,0.00014582849689759314,predict_proba,0.00014452100731432438,0.00014472199836745858,100
10,1.0,20,False,ort,0.00011414301116019487,5.89019909966737e-05,5.359016038710251e-05,5.270798283163458e-05,predict,5.238901940174401e-05,5.2467017667368054e-05,100
10,1.0,20,False,ort,7.81649723649025e-05,7.190197356976569e-05,6.596500985324383e-05,6.552900595124811e-05,predict_proba,6.519301678054035e-05,6.527701043523848e-05,100
1,1.0,50,True,skl,0.0001384850183967501,8.964401786215603e-05,7.342641882132739e-05,7.187598384916782e-05,predict,7.119099609553814e-05,7.141401874832809e-05,100
1,1.0,50,True,skl,0.0001761619932949543,0.0001529139990452677,0.00014198471937561406,0.0001406505034537986,predict_proba,0.00013924698578193784,0.00013973400928080082,100
1,1.0,50,True,ort,0.00014857100904919207,5.6195014622062445e-05,5.1139590505044906e-05,4.987050488125533e-05,predict,4.954100586473942e-05,4.9614987801760435e-05,100
1,1.0,50,True,ort,7.32059997972101e-05,5.7388999266549945e-05,5.2424679743126036e-05,5.194600089453161e-05,predict_proba,5.1593990065157413e-05,5.164000322110951e-05,100
10,1.0,50,True,skl,9.831000352278352e-05,9.267099085263908e-05,7.603731151903048e-05,7.451798592228442e-05,predict,7.377000292763114e-05,7.40810064598918e-05,100
10,1.0,50,True,skl,0.00018478900892660022,0.0001824999926611781,0.00015239588887197897,0.00014731400005985051,predict_proba,0.00014585600001737475,0.00014597701374441385,100
10,1.0,50,True,ort,0.00011485899449326098,6.597497849725187e-05,5.626467987895012e-05,5.499098915606737e-05,predict,5.45599905308336e-05,5.463699926622212e-05,100
10,1.0,50,True,ort,7.618800736963749e-05,7.389197708107531e-05,6.79513582144864e-05,6.766749720554799e-05,predict_proba,6.727399886585772e-05,6.74010079819709e-05,100
1,1.0,50,False,skl,0.00014013599138706923,8.922300185076892e-05,7.45566695695743e-05,7.198998355306685e-05,predict,7.130799349397421e-05,7.156399078667164e-05,100
1,1.0,50,False,skl,0.00019451699336059391,0.0001784699852578342,0.00014538353134412317,0.00014127649774309248,predict_proba,0.00013942999066784978,0.00013972699525766075,100
1,1.0,50,False,ort,0.00014293298590928316,0.0001022320066113025,5.3758821450173856e-05,4.980149969924241e-05,predict,4.9269001465290785e-05,4.9510999815538526e-05,100
1,1.0,50,False,ort,6.524097989313304e-05,5.633800174109638e-05,5.2204270905349406e-05,5.1928014727309346e-05,predict_proba,5.161602166481316e-05,5.1695009460672736e-05,100
10,1.0,50,False,skl,9.798401151783764e-05,9.187101386487484e-05,7.636478083441034e-05,7.454400474671274e-05,predict,7.403601193800569e-05,7.414701394736767e-05,100
10,1.0,50,False,skl,0.00016669899923726916,0.00016392100951634347,0.00014922674279659986,0.0001462720101699233,predict_proba,0.00014479699893854558,0.00014497400843538344,100
10,1.0,50,False,ort,0.00011544500011950731,6.259899237193167e-05,5.5638781341258436e-05,5.471300391945988e-05,predict,5.433600745163858e-05,5.4419011576101184e-05,100
10,1.0,50,False,ort,7.602298865094781e-05,7.275899406522512e-05,6.777501926990226e-05,6.75409974064678e-05,predict_proba,6.709000444971025e-05,6.727900472469628e-05,100
1,1.0,100,True,skl,0.0001361739996355027,9.972101543098688e-05,7.723797112703323e-05,7.41769908927381e-05,predict,7.204400026239455e-05,7.343699689954519e-05,100
1,1.0,100,True,skl,0.0002020619867835194,0.00017936801305040717,0.00014949805045034737,0.00014563900185748935,predict_proba,0.00014019699301570654,0.0001404029899276793,100
1,1.0,100,True,ort,0.00014615798136219382,5.584201426245272e-05,5.133639991981909e-05,5.0141505198553205e-05,predict,4.970398731529713e-05,4.978300421498716e-05,100
1,1.0,100,True,ort,8.674999116919935e-05,6.916199345141649e-05,5.322408920619637e-05,5.2029514336027205e-05,predict_proba,5.161698209121823e-05,5.175799014978111e-05,100
10,1.0,100,True,skl,0.00013650700566358864,0.00010678000398911536,8.142735983710735e-05,7.815899152774364e-05,predict,7.739602006040514e-05,7.761700544506311e-05,100
10,1.0,100,True,skl,0.00018411100609228015,0.00018155999714508653,0.00015901378996204584,0.00015386250743176788,predict_proba,0.00015175199951045215,0.00015194699517451227,100
10,1.0,100,True,ort,0.003151573007926345,0.0029999580001458526,0.0020830283910618164,0.0021042330045020208,predict,0.0010521589720156044,0.0014737530145794153,100
10,1.0,100,True,ort,0.002126130013493821,0.0021107530046720058,0.0003690257505513728,6.862649752292782e-05,predict_proba,6.813000072725117e-05,6.825401214882731e-05,100
1,1.0,100,False,skl,0.0001440199848730117,0.00010322500020265579,7.782556902384385e-05,7.446900417562574e-05,predict,7.373400148935616e-05,7.383199408650398e-05,100
1,1.0,100,False,skl,0.00020556102390401065,0.00017016701167449355,0.0001500852408935316,0.00014566999743692577,predict_proba,0.0001438430044800043,0.0001441549975425005,100
1,1.0,100,False,ort,0.0058180110063403845,0.0029798239993397146,0.0022048611886566504,0.0021051895164418966,predict,0.0010436799784656614,0.0015342819970101118,100
1,1.0,100,False,ort,0.002454611996654421,0.002119903016136959,0.002101738120254595,0.0021051074872957543,predict_proba,0.0017540520057082176,0.002086639986373484,100
10,1.0,100,False,skl,0.00015409800107590854,9.540599421598017e-05,8.064595895120874e-05,7.752499368507415e-05,predict,7.684601587243378e-05,7.689400808885694e-05,100
10,1.0,100,False,skl,0.00019679497927427292,0.00017424600082449615,0.00015476361993933097,0.0001518159988336265,predict_proba,0.0001460659841541201,0.00014632998500019312,100
10,1.0,100,False,ort,0.003973200015025213,0.002925606007920578,0.002144716987677384,0.0021059154969407246,predict,0.0007740139844827354,0.001484345004428178,100
10,1.0,100,False,ort,0.0031092260032892227,0.0030313610041048378,0.00217346646997612,0.0021057855046819896,predict_proba,0.0014954630169086158,0.0018269070133101195,100
1,1.0,150,True,skl,0.00018546500359661877,8.629000512883067e-05,7.750027085421606e-05,7.575748895760626e-05,predict,7.518500206060708e-05,7.53150088712573e-05,100
1,1.0,150,True,skl,0.00019582200911827385,0.00015808900934644043,0.00014993084041634575,0.000148713996168226,predict_proba,0.00014728499809280038,0.00014752399874851108,100
1,1.0,150,True,ort,0.005971075996058062,0.00434441099059768,0.0022827591880923135,0.002104313505697064,predict,0.0017078079981729388,0.002030161995207891,100
1,1.0,150,True,ort,0.002128224994521588,0.0021187179954722524,0.0020597219589399175,0.002103717008139938,predict_proba,0.0010519679926801473,0.0015300459926947951,100
10,1.0,150,True,skl,0.00015413601067848504,9.103800402954221e-05,7.978824054589495e-05,7.837348675820976e-05,predict,7.770501542836428e-05,7.7941978815943e-05,100
10,1.0,150,True,skl,0.0001878189796116203,0.00017219700384885073,0.00015209052886348218,0.00015167650417424738,predict_proba,0.00014625498442910612,0.0001463679946027696,100
10,1.0,150,True,ort,0.0029876860207878053,0.0028241879772394896,0.00026205905072856694,5.56350132683292e-05,predict,5.524500738829374e-05,5.52929996047169e-05,100
10,1.0,150,True,ort,0.0055774600186850876,0.002105315012158826,0.00022280259057879447,6.807499448768795e-05,predict_proba,6.765199941582978e-05,6.774399662390351e-05,100
1,1.0,150,False,skl,0.00017307899543084204,8.555100066587329e-05,7.745588023681193e-05,7.580050441902131e-05,predict,7.53579952288419e-05,7.542301318608224e-05,100
1,1.0,150,False,skl,0.008493130997521803,0.0001896390167530626,0.0003099437514902093,0.00014819600619375706,predict_proba,0.0001470700080972165,0.00014711101539433002,100
1,1.0,150,False,ort,0.008704971987754107,0.0028118299960624427,0.002187107411737088,0.0021042315056547523,predict,0.0009796959930099547,0.001670012978138402,100
1,1.0,150,False,ort,0.002497598994523287,0.0021149129897821695,0.0020635761093581095,0.0021046585170552135,predict_proba,0.001051461003953591,0.0014901550021022558,100
10,1.0,150,False,skl,0.00015134899877011776,9.391797357238829e-05,7.993666251422838e-05,7.835449650883675e-05,predict,7.551498129032552e-05,7.593899499624968e-05,100
10,1.0,150,False,skl,0.00019602401880547404,0.00017909100279211998,0.00015321763843530788,0.0001509830035502091,predict_proba,0.0001457839971408248,0.00014606502372771502,100
10,1.0,150,False,ort,0.0023769029940012842,0.0021932499948889017,0.0020675743994070218,0.002104580504237674,predict,0.0010981270170304924,0.0015023149899207056,100
10,1.0,150,False,ort,0.0029653270030394197,0.002833236998412758,0.002078789540682919,0.0021038325066911057,predict_proba,0.0010526489932090044,0.0015674489841330796,100
